{"cameraMode":{"drawMode":0,"name":"Shaded","section":"Shading Mode"},"sceneLighting":false,"audioPlay":false,"sceneViewState":{"showFog":true,"showMaterialUpdate":false,"showSkybox":true,"showFlares":true,"showImageEffects":true,"showParticleSystems":true},"in2DMode":false,"pivot":{"x":-0.1673637330532074,"y":1.3576264381408692,"z":-0.5193675756454468},"rotation":{"x":-0.2079777717590332,"y":0.5786999464035034,"z":-0.15569043159484864,"w":-0.7730538249015808},"size":3.364285945892334,"orthographic":true}