{"cameraMode":{"drawMode":0,"name":"Shaded","section":"Shading Mode"},"sceneLighting":true,"audioPlay":false,"sceneViewState":{"showFog":true,"showMaterialUpdate":false,"showSkybox":true,"showFlares":true,"showImageEffects":true,"showParticleSystems":true},"in2DMode":false,"pivot":{"x":0.02696084976196289,"y":1.3576264381408692,"z":-0.5193675756454468},"rotation":{"x":-0.15769095718860627,"y":0.6861528158187866,"z":-0.15618406236171723,"w":-0.6927730441093445},"size":6.548488140106201,"orthographic":false}